epoch,lr,train_loss,train_acc,val_loss,val_acc,patience
1,0.100000,1.7610,35.06,2.3914,35.66,0
2,0.075000,1.3182,52.68,0.9995,63.50,0
3,0.025000,1.1030,60.72,0.8482,68.98,0
